{
  "project_info": {
    "project_number": "954628512188",
    "firebase_url": "https://protutor-da1f4.firebaseio.com",
    "project_id": "protutor-da1f4",
    "storage_bucket": "protutor-da1f4.appspot.com"
  },
  "client": [
    {
      "client_info": {
        "mobilesdk_app_id": "1:954628512188:android:95c98e2c5e30c699e8b3b9",
        "android_client_info": {
          "package_name": "com.example.protutor"
        }
      },
      "oauth_client": [
        {
          "client_id": "954628512188-mgg19ougk4hegiamat1b38hpgc0hsk3j.apps.googleusercontent.com",
          "client_type": 1,
          "android_info": {
            "package_name": "com.example.protutor",
            "certificate_hash": "4b253e4e0adb27e3ebe671fb5e9cb674d208cfb6"
          }
        },
        {
          "client_id": "954628512188-l1dl9sskat2o8sk6m9bgng3lud1cjk6h.apps.googleusercontent.com",
          "client_type": 3
        }
      ],
      "api_key": [
        {
          "current_key": "AIzaSyBGXzF6YRMt89LsSJC6BXr3isRUsIo-8t4"
        }
      ],
      "services": {
        "appinvite_service": {
          "other_platform_oauth_client": [
            {
              "client_id": "954628512188-l1dl9sskat2o8sk6m9bgng3lud1cjk6h.apps.googleusercontent.com",
              "client_type": 3
            }
          ]
        }
      }
    }
  ],
  "configuration_version": "1"
}